date,observations,species,participants
2025-05-03,48,42,3
2025-05-04,178,121,5
2025-05-05,179,121,6
2025-05-06,269,163,8
2025-05-07,388,205,16
2025-05-08,532,239,41
2025-05-09,1015,491,47
2025-05-10,1086,499,51
2025-05-11,1301,524,56
2025-05-12,1556,565,60
2025-05-13,1670,586,62
2025-05-14,1758,602,64
2025-05-15,1862,616,68
2025-05-16,2154,668,79
2025-05-17,2382,682,81
2025-05-18,2845,718,89
2025-05-19,3225,767,97
2025-05-20,3591,780,103
2025-05-21,3887,783,113
2025-05-22,4089,787,117
2025-05-23,4488,824,118
2025-05-24,4542,827,122
2025-05-25,4811,850,131
2025-05-26,5077,889,142
2025-05-27,5465,910,145
2025-05-28,5644,913,150
2025-05-29,5783,918,157
2025-05-30,6502,955,159
2025-05-31,6756,974,159
2025-06-01,7422,986,164
2025-06-02,8840,1036,167
2025-06-03,9035,1040,170
2025-06-04,9489,1075,178
2025-06-05,9761,1078,178
2025-06-06,10311,1085,181
2025-06-07,10732,1099,188
2025-06-08,11250,1110,191
2025-06-09,11873,1116,196
2025-06-10,12901,1161,199
2025-06-11,13246,1164,201
2025-06-12,13638,1186,211
2025-06-13,13999,1190,212
2025-06-14,14154,1192,212
2025-06-15,15127,1208,217
2025-06-16,15611,1212,227
2025-06-17,16061,1214,235
2025-06-18,16818,1244,240
2025-06-19,17222,1248,241
2025-06-20,17841,1291,243
2025-06-21,18168,1293,247
2025-06-22,18689,1302,250
2025-06-23,19030,1312,253
2025-06-24,20226,1325,255
2025-06-25,21085,1342,257
2025-06-26,22287,1353,261
2025-06-27,22517,1353,263
2025-06-28,23083,1357,264
2025-06-29,24049,1373,266
2025-06-30,24609,1376,270
2025-07-01,24878,1378,279
2025-07-02,25459,1384,282
2025-07-03,25678,1384,289
2025-07-04,26335,1389,292
2025-07-05,27034,1403,301
2025-07-06,28203,1414,304
2025-07-07,29146,1417,310
2025-07-08,29723,1418,318
2025-07-09,29957,1421,320
2025-07-10,30298,1423,322
2025-07-11,30944,1433,334
2025-07-12,31321,1436,334
2025-07-13,31888,1440,337
2025-07-14,32599,1448,339
2025-07-15,32847,1449,340
2025-07-16,33320,1451,341
2025-07-17,33525,1452,346
2025-07-18,33961,1453,349
2025-07-19,34884,1454,354
2025-07-20,35723,1456,356
2025-07-21,36508,1475,359
2025-07-22,37423,1483,360
2025-07-23,37548,1487,360
2025-07-24,37851,1491,360
2025-07-25,38366,1493,364
2025-07-26,38669,1494,364
2025-07-27,39565,1497,367
2025-07-28,40437,1512,368
2025-07-29,40759,1514,370
2025-07-30,40929,1520,371
2025-07-31,41485,1527,374
2025-08-01,41758,1532,376
2025-08-02,42301,1532,379
2025-08-03,42812,1532,384
2025-08-04,44338,1573,387
2025-08-05,45380,1574,389
2025-08-06,46087,1576,392
2025-08-07,46399,1578,394
2025-08-08,46692,1578,397
2025-08-09,46995,1580,397
2025-08-10,47687,1580,402
2025-08-11,48718,1582,404
2025-08-12,49706,1587,405
2025-08-13,50892,1604,405
2025-08-14,51810,1615,410
2025-08-15,52851,1618,413
2025-08-16,53274,1622,414
2025-08-17,54189,1626,416
2025-08-18,55269,1648,418
2025-08-19,55897,1651,419
2025-08-20,56505,1657,419
2025-08-21,57498,1658,420
2025-08-22,58064,1658,420
2025-08-23,58800,1658,420
2025-08-24,59555,1659,422
2025-08-25,60219,1663,423
2025-08-26,60550,1664,426
2025-08-27,60747,1666,427
2025-08-28,60937,1671,428
2025-08-29,61176,1671,431
2025-08-30,61472,1673,432
2025-08-31,62078,1724,432
2025-09-01,62509,1726,435
2025-09-02,63252,1726,437
2025-09-03,63575,1730,441
2025-09-04,64081,1741,445
2025-09-05,64210,1742,445
2025-09-06,64446,1743,446
2025-09-07,64950,1752,449
2025-09-08,65787,1768,451
2025-09-09,66297,1769,453
2025-09-10,66982,1780,453
2025-09-11,67571,1782,455
2025-09-12,68143,1799,458
2025-09-13,69202,1810,460
2025-09-14,70373,1817,462
2025-09-15,71361,1823,468
2025-09-16,71763,1827,468
2025-09-17,71964,1827,468
2025-09-18,72061,1828,472
2025-09-19,72231,1831,472
2025-09-20,73019,1833,473
2025-09-21,73610,1842,474
2025-09-22,73910,1843,476
2025-09-23,74200,1844,480
2025-09-24,74564,1857,480
2025-09-25,74836,1862,483
2025-09-26,75040,1863,485
2025-09-27,75335,1863,487
2025-09-28,76777,1866,489
2025-09-29,78170,1866,490
2025-09-30,79479,1870,491
2025-10-01,79641,1870,494
2025-10-02,80052,1880,496
2025-10-03,80850,1893,497
2025-10-04,81536,1896,497
2025-10-05,82374,1896,499
2025-10-06,82941,1897,499
2025-10-07,83091,1905,499
2025-10-08,83653,1929,503
2025-10-09,84168,1936,508
2025-10-10,84597,1955,508
2025-10-11,84909,1956,508
2025-10-12,85959,1972,510
2025-10-13,88118,1992,517
2025-10-14,89158,1993,520
2025-10-15,90552,2034,523
2025-10-16,91322,2043,523
2025-10-17,91590,2044,523
2025-10-18,92179,2044,523
2025-10-19,92672,2044,523
2025-10-20,92896,2044,523
2025-10-21,92986,2045,523
2025-10-22,93570,2046,523
2025-10-23,93570,2046,523
2025-10-24,93570,2046,523
2025-10-25,93570,2046,523
2025-10-26,93611,2046,524
2025-10-27,93611,2046,524
2025-10-28,93611,2046,524
2025-10-29,93612,2046,525
2025-10-30,93613,2046,526
2025-10-31,93613,2046,526
2025-11-01,93628,2046,526
2025-11-02,93629,2046,527
2025-11-03,93634,2046,528
2025-11-04,93648,2049,528
2025-11-05,93648,2049,528
2025-11-06,93649,2049,528
2025-11-07,93649,2049,528
2025-11-08,93649,2049,528
2025-11-09,93649,2049,528
2025-11-10,93774,2049,528
2025-11-11,93774,2049,528
2025-11-12,93835,2049,528
2025-11-13,93946,2049,529
2025-11-14,93946,2049,529
2025-11-15,94046,2050,529
2025-11-16,94046,2050,529
2025-11-17,94110,2050,529
2025-11-18,94225,2050,529
2025-11-19,94251,2050,529
2025-11-20,94251,2050,529
2025-11-21,94251,2050,529
2025-11-22,94251,2050,529
2025-11-23,94251,2050,529
2025-11-24,94251,2050,529
2025-11-25,94251,2050,529
2025-11-26,94252,2051,529
2025-11-27,94252,2051,529
2025-11-28,94252,2051,529
2025-11-29,94252,2051,529
2025-11-30,94265,2051,529
2025-12-01,94265,2051,529
2025-12-02,94265,2051,529
2025-12-03,94265,2051,529
2025-12-04,94265,2051,529
2025-12-05,94265,2051,529
2025-12-06,94265,2051,529
2025-12-07,94265,2051,529
2025-12-08,94265,2051,529
2025-12-09,94265,2051,529
2025-12-10,94279,2051,530
2025-12-11,94279,2051,530
2025-12-12,94279,2051,530
2025-12-13,94279,2051,530
2025-12-14,94279,2051,530
2025-12-15,94279,2051,530
2025-12-16,94279,2051,530
2025-12-17,94279,2051,530
2025-12-18,94310,2053,530
2025-12-19,94337,2054,530
2025-12-20,94337,2054,530
2025-12-21,94337,2054,530
2025-12-22,94337,2054,530
2025-12-23,94337,2054,530
2025-12-24,94337,2054,530
2025-12-25,94337,2054,530
2025-12-26,94337,2054,530
2025-12-27,94379,2056,530
2025-12-28,94379,2056,530
2025-12-29,94379,2056,530
2025-12-30,94379,2056,530
2025-12-31,94381,2056,530
2026-01-01,94381,2056,530
2026-01-02,94381,2056,530
2026-01-03,94381,2056,530
2026-01-04,94381,2056,530
2026-01-05,94381,2056,530
2026-01-06,94381,2056,530
2026-01-07,94381,2056,530
2026-01-08,94381,2056,530
2026-01-09,94381,2056,530
2026-01-10,94381,2056,530
2026-01-11,94381,2056,530
2026-01-12,94381,2056,530
2026-01-13,94382,2056,531
2026-01-14,94382,2056,531
2026-01-15,94382,2056,531
2026-01-16,94382,2056,531
2026-01-17,94382,2056,531
2026-01-18,94382,2056,531
2026-01-19,94382,2056,531
2026-01-20,94439,2086,532
2026-01-21,94439,2086,532
2026-01-22,94439,2086,532
2026-01-23,94439,2086,532
2026-01-24,94439,2086,532
2026-01-25,94439,2086,532
2026-01-26,94439,2086,532
2026-01-27,94439,2086,532
2026-01-28,94439,2086,532
2026-01-29,94439,2086,532
2026-01-30,94439,2086,532
2026-01-31,94439,2086,532
2026-02-01,94439,2086,532
2026-02-02,94439,2086,532
2026-02-03,94440,2086,532
2026-02-04,94440,2086,532
2026-02-05,94440,2086,532
2026-02-06,94440,2086,532
2026-02-07,94440,2086,532
2026-02-08,94440,2086,532
2026-02-09,94440,2086,532
2026-02-10,94440,2086,532
2026-02-11,94440,2086,532
2026-02-12,94440,2086,532
2026-02-13,94440,2086,532
2026-02-14,94440,2086,532
2026-02-15,94440,2086,532
2026-02-16,94440,2086,532
2026-02-17,94440,2086,532
2026-02-18,94440,2086,532
2026-02-19,94444,2086,533
2026-02-20,94444,2086,533
2026-02-21,94444,2086,533
2026-02-22,94444,2086,533
2026-02-23,94444,2086,533
2026-02-24,94444,2086,533
2026-02-25,94444,2086,533
2026-02-26,94444,2086,533
2026-02-27,94444,2086,533
2026-02-28,94444,2086,533
2026-03-01,94444,2086,533
2026-03-02,94445,2086,533
2026-03-03,94445,2086,533
2026-03-04,94445,2086,533
2026-03-05,94445,2086,533
2026-03-06,94445,2086,533
2026-03-07,94445,2086,533
2026-03-08,94445,2086,533
2026-03-09,94445,2086,533
2026-03-10,94445,2086,533
2026-03-11,94445,2086,533
2026-03-12,94445,2086,533
2026-03-13,94445,2086,533
2026-03-14,94458,2086,533
2026-03-15,94458,2086,533
2026-03-16,94565,2086,534
2026-03-17,94565,2086,534
2026-03-18,94565,2086,534
2026-03-19,94565,2086,534
2026-03-20,94570,2087,534
2026-03-21,94570,2087,534
2026-03-22,94570,2087,534
2026-03-23,94570,2087,534
2026-03-24,94570,2087,534
2026-03-25,94570,2087,534
2026-03-26,94570,2087,534
2026-03-27,94570,2087,534
2026-03-28,94570,2087,534
2026-03-29,94570,2087,534
2026-03-30,94570,2087,534
2026-03-31,94570,2087,534
2026-04-01,94570,2087,534
2026-04-02,94570,2087,534
2026-04-03,94570,2087,534
2026-04-04,94570,2087,534
2026-04-05,94570,2087,534
2026-04-06,94570,2087,534
2026-04-07,94570,2087,534
2026-04-08,94581,2087,535
2026-04-09,94581,2087,535
2026-04-10,94581,2087,535
2026-04-11,94581,2087,535
2026-04-12,94581,2087,535
2026-04-13,94581,2087,535
2026-04-14,94581,2087,535
2026-04-15,94581,2087,535
2026-04-16,94581,2087,535
2026-04-17,94581,2087,535
2026-04-18,94581,2087,535
2026-04-19,94581,2087,535
2026-04-20,94581,2087,535
2026-04-21,94584,2087,536
2026-04-22,94584,2087,536
2026-04-23,94584,2087,536
2026-04-24,94584,2087,536
2026-04-25,94584,2087,536
2026-04-26,94584,2087,536
2026-04-27,94584,2087,536
2026-04-28,94584,2087,536
2026-04-29,94584,2087,536
2026-04-30,94584,2087,536
2026-05-01,94584,2087,536
2026-05-02,94584,2087,536
2026-05-03,94584,2087,536
2026-05-04,94584,2087,536
2026-05-05,94584,2087,536
2026-05-06,94584,2087,536
2026-05-07,94584,2087,536
2026-05-08,94591,2087,537
2026-05-09,94591,2087,537
2026-05-10,94591,2087,537
2026-05-11,94591,2087,537
2026-05-12,94591,2087,537
2026-05-13,94591,2087,537
2026-05-14,94591,2087,537
2026-05-15,94591,2087,537
2026-05-16,94591,2087,537
2026-05-17,94591,2087,537
2026-05-18,94591,2087,537
2026-05-19,94591,2087,537
2026-05-20,94591,2087,537
2026-05-21,94591,2087,537
2026-05-22,94591,2087,537
2026-05-23,94591,2087,537
2026-05-24,94591,2087,537
2026-05-25,94591,2087,537
2026-05-26,94591,2087,537
2026-05-27,94591,2087,537
2026-05-28,94591,2087,537
2026-05-29,94591,2087,537
2026-05-30,94591,2087,537
2026-05-31,94591,2087,537
2026-06-01,94602,2087,537
2026-06-02,94614,2087,537
2026-06-03,94614,2087,537
2026-06-04,94614,2087,537
2026-06-05,94614,2087,537
2026-06-06,94614,2087,537
2026-06-07,94614,2087,537
2026-06-08,94614,2087,537
2026-06-09,94614,2087,537
2026-06-10,94614,2087,537
2026-06-11,94614,2087,537
2026-06-12,94614,2087,537
2026-06-13,94614,2087,537
2026-06-14,94614,2087,537
2026-06-15,94614,2087,537
2026-06-16,94614,2087,537
2026-06-17,94614,2087,537
2026-06-18,94614,2087,537
2026-06-19,94614,2087,537
2026-06-20,94614,2087,537
2026-06-21,94742,2087,537
2026-06-22,94827,2087,537
2026-06-23,94827,2087,537
2026-06-24,94827,2087,537
2026-06-25,94827,2087,537
2026-06-26,94897,2087,537
2026-06-27,94897,2087,537
2026-06-28,94897,2087,537
2026-06-29,94897,2087,537
2026-06-30,94995,2087,537
2026-07-01,94995,2087,537
2026-07-02,94995,2087,537
2026-07-03,95029,2087,538
2026-07-04,95029,2087,538
2026-07-05,95124,2088,539
2026-07-06,95263,2089,539
2026-07-07,95401,2089,539
2026-07-08,95402,2089,539
2026-07-09,95402,2089,539
2026-07-10,95402,2089,539
2026-07-11,95402,2089,539
2026-07-12,95402,2089,539
2026-07-13,95403,2089,540
2026-07-14,95403,2089,540
2026-07-15,95403,2089,540
2026-07-16,95403,2089,540
2026-07-17,95403,2089,540
2026-07-18,95405,2089,541
2026-07-19,95406,2089,541
2026-07-20,95406,2089,541
2026-07-21,95406,2089,541
2026-07-22,95406,2089,541
2026-07-23,95406,2089,541
2026-07-24,95406,2089,541
2026-07-25,95406,2089,541
2026-07-26,95406,2089,541
2026-07-27,95406,2089,541
2026-07-28,95407,2089,542
2026-07-29,95407,2089,542
2026-07-30,95408,2089,542
2026-07-31,95410,2089,542
2026-08-01,95410,2089,542
2026-08-02,95410,2089,542
2026-08-03,95410,2089,542
2026-08-04,95410,2089,542
2026-08-05,95410,2089,542
2026-08-06,95410,2089,542
2026-08-07,95410,2089,542
2026-08-08,95410,2089,542
2026-08-09,95410,2089,542
2026-08-10,95410,2089,542
2026-08-11,95410,2089,542
2026-08-12,95410,2089,542
2026-08-13,95410,2089,542
2026-08-14,95411,2089,542
2026-08-15,95411,2089,542
2026-08-16,95411,2089,542
2026-08-17,95411,2089,542
2026-08-18,95411,2089,542
2026-08-19,95411,2089,542
2026-08-20,95411,2089,542
2026-08-21,95411,2089,542
2026-08-22,95411,2089,542
2026-08-23,95411,2089,542
2026-08-24,95411,2089,542
2026-08-25,95411,2089,542
2026-08-26,95411,2089,542
2026-08-27,95411,2089,542
2026-08-28,95411,2089,542
2026-08-29,95411,2089,542
2026-08-30,95411,2089,542
2026-08-31,95411,2089,542
2026-09-01,95411,2089,542
2026-09-02,95411,2089,542
2026-09-03,95411,2089,542
2026-09-04,95411,2089,542
2026-09-05,95411,2089,542
2026-09-06,95411,2089,542
2026-09-07,95411,2089,542
2026-09-08,95411,2089,542
2026-09-09,95411,2089,542
2026-09-10,95411,2089,542
2026-09-11,95411,2089,542
2026-09-12,95411,2089,542
2026-09-13,95411,2089,542
2026-09-14,95411,2089,542
2026-09-15,95411,2089,542
2026-09-16,95411,2089,542
2026-09-17,95411,2089,542
2026-09-18,95411,2089,542
2026-09-19,95411,2089,542
2026-09-20,95411,2089,542
2026-09-21,95411,2089,542
2026-09-22,95411,2089,542
2026-09-23,95411,2089,542
2026-09-24,95411,2089,542
2026-09-25,95411,2089,542
2026-09-26,95411,2089,542
2026-09-27,95411,2089,542
2026-09-28,95411,2089,542
2026-09-29,95411,2089,542
2026-09-30,95411,2089,542
2026-10-01,95411,2089,542
2026-10-02,95411,2089,542
2026-10-03,95411,2089,542
2026-10-04,95411,2089,542
2026-10-05,95411,2089,542
2026-10-06,95411,2089,542
2026-10-07,95411,2089,542
2026-10-08,95411,2089,542
2026-10-09,95411,2089,542
2026-10-10,95411,2089,542
